condition,signal,pc1,pc2,pc3
uncoupled,0,-1.4230717,0.16577016,-1.1125815
uncoupled,0,-0.50777835,0.1159396,-0.39758188
uncoupled,0,0.23631537,0.076307915,-0.27033174
uncoupled,0,-0.23554839,-0.39802337,-0.3877163
uncoupled,0,8.624846,-7.9149795,-0.29345676
uncoupled,0,-2.6532629,0.48797163,-1.8277605
uncoupled,0,2.1780765,0.28789765,-0.7209068
uncoupled,0,-0.50777894,0.115941755,-0.39758086
uncoupled,0,-0.09866507,0.10377511,0.036047906
uncoupled,0,-0.89069265,-0.54385483,-0.9330725
uncoupled,0,-0.5077783,0.11594177,-0.39757752
uncoupled,0,-0.30933627,-0.38376516,-0.24654873
uncoupled,0,0.34929898,1.2390349,-1.1082116
uncoupled,0,-0.5077792,0.11594171,-0.3975781
uncoupled,0,-0.34478953,-0.32334578,0.026487788
uncoupled,0,0.088085346,-1.1559395,0.6237003
uncoupled,0,2.5407126,1.380558,-1.0024754
uncoupled,0,-0.35983554,-0.2895607,-0.27489516
uncoupled,0,-0.52097744,-2.3011394,-6.5604854
uncoupled,0,-0.7184543,0.011994983,-0.8540014
uncoupled,0,2.0161204,-10.962634,-1.4874196
uncoupled,0,0.07526755,-2.8444114,-6.453326
uncoupled,0,-1.0592113,-0.18557516,-0.5228243
uncoupled,0,-0.42994592,0.1572326,0.75646
uncoupled,0,-0.5077782,0.11594184,-0.39758036
uncoupled,0,-2.9991944,-0.4401778,-3.9596293
uncoupled,0,-13.36765,-14.334172,-8.115888
uncoupled,0,0.19972672,-1.0399072,-0.10651598
uncoupled,0,-1.5238633,-0.4822264,-1.3321959
uncoupled,0,-0.5077782,0.11594184,-0.39758036
uncoupled,0,0.13683784,-0.50368583,1.1032586
uncoupled,0,-0.5077782,0.11594184,-0.39758036
uncoupled,0,-0.5673261,-0.32508644,0.32914704
uncoupled,0,-0.77493554,0.5408142,1.5138499
uncoupled,0,0.33032846,-0.79795337,-0.38899654
uncoupled,0,-0.5077782,0.11594184,-0.39758036
uncoupled,0,-0.6724624,-0.54388964,-1.0583975
uncoupled,0,-0.5077782,0.11594184,-0.39758036
uncoupled,0,-1.4749191,-0.6785858,-1.7442374
uncoupled,0,0.36037225,-5.496906,-2.7334604
uncoupled,0,-0.28680438,-0.21395826,0.9540774
uncoupled,0,0.19715722,0.07896628,0.72284865
uncoupled,0,-0.72763795,-0.2533016,-0.28407195
uncoupled,0,-0.5077782,0.11594184,-0.39758036
uncoupled,0,0.38794702,-5.087487,-4.9716816
uncoupled,0,0.63707995,-1.7431542,-0.7313556
uncoupled,0,-0.5077782,0.11594184,-0.39758036
uncoupled,0,-0.5077782,0.11594184,-0.39758036
uncoupled,0,-0.5077782,0.11594184,-0.39758036
uncoupled,0,-1.015194,0.46443322,-0.85428715
uncoupled,0,0.50282156,0.35358754,-0.87200236
uncoupled,0,2.6941712,-1.2948228,1.0296729
uncoupled,0,1.5039316,-3.1655614,1.1973238
uncoupled,0,-0.5189282,-0.22148108,-0.5343145
uncoupled,0,-1.0153115,-7.2996364,-1.8169416
uncoupled,0,-0.23918137,0.43128952,-0.046683803
uncoupled,0,0.56875867,-6.818419,-7.073731
uncoupled,0,-0.5077782,0.11594184,-0.39758036
uncoupled,0,-0.5077782,0.11594184,-0.39758036
uncoupled,0,0.052049607,0.72220105,-0.15412964
uncoupled,0,-1.115477,-2.880334,-1.8213038
uncoupled,0,7.5195775,-9.456763,-4.3436837
uncoupled,0,-0.53230333,0.12800325,0.049688447
uncoupled,0,-1.5697811,-0.51612234,-1.3658496
uncoupled,0,-0.39400035,-0.9290818,-0.55000067
uncoupled,0,-0.41709295,0.3416997,0.656014
uncoupled,0,-0.4451701,0.8551868,-0.6931235
uncoupled,0,-0.3267311,-0.4399424,-0.4643053
uncoupled,0,-0.5385581,-2.3318162,-1.1301318
uncoupled,0,8.923386,-9.08092,1.2254653
uncoupled,0,-0.5077782,0.11594184,-0.39758036
uncoupled,0,0.51228905,-0.7166141,-1.3513705
uncoupled,0,0.5742038,-3.8979888,-5.349164
uncoupled,0,0.1922057,-1.2722579,-0.48134595
uncoupled,0,0.22450338,-0.2707236,1.3597425
uncoupled,0,-0.5077782,0.11594184,-0.39758036
uncoupled,0,-2.3669436,-8.638946,-10.333297
uncoupled,0,-0.563414,0.1550293,-0.52796584
uncoupled,0,1.4685749,-6.2135267,-3.9482403
uncoupled,0,0.70057064,-0.8044953,-0.72810894
uncoupled,0,0.2551552,1.2582339,-0.31748036
uncoupled,0,0.17940463,0.4379636,-0.6974373
uncoupled,0,-0.18504308,-0.016203135,-1.9730331
uncoupled,0,1.2021166,0.03953144,-0.29502574
uncoupled,0,0.10468887,0.10788402,0.21416265
uncoupled,0,-1.7353673,-0.7323288,-0.8099595
uncoupled,0,0.9033854,0.2327303,2.223986
uncoupled,0,-0.5941328,-0.5352545,-0.1855102
uncoupled,0,7.660881,-14.82661,-11.470563
uncoupled,0,-2.3950837,-9.064418,1.7774599
uncoupled,0,0.19992632,-0.11311659,-1.0894294
uncoupled,0,-1.2656026,-3.8837643,-4.3269567
uncoupled,0,-5.385653,-4.8092113,-3.3321602
uncoupled,0,-0.44072357,-0.6539689,-0.7915749
uncoupled,0,2.290067,-1.8804494,-0.71533924
uncoupled,0,-0.5077782,0.11594184,-0.39758036
uncoupled,0,1.3039495,-1.1583456,-1.040994
uncoupled,0,-4.724246,-3.1235738,-4.70714
uncoupled,0,-3.7727902,-6.03039,1.5775526
uncoupled,0,1.0073867,0.12394859,-0.019210419
uncoupled,1,1.4013965,-1.6022308,-0.72345746
uncoupled,1,0.26275858,-0.49260005,-0.076473705
uncoupled,1,-0.24724562,-1.0844362,-1.2320695
uncoupled,1,0.93957543,-0.44068316,1.0700163
uncoupled,1,-0.5077782,0.11594184,-0.39758036
uncoupled,1,1.5542088,0.8555481,-0.7188852
uncoupled,1,-0.17315501,-0.48077908,1.063692
uncoupled,1,-0.5077782,0.11594184,-0.39758036
uncoupled,1,-0.13102192,-0.47464058,0.36875635
uncoupled,1,-0.5077782,0.11594184,-0.39758036
uncoupled,1,-0.5077782,0.11594184,-0.39758036
uncoupled,1,-0.79180807,-3.555171,-2.1779225
uncoupled,1,0.6933757,0.058118217,-0.44913733
uncoupled,1,6.7869687,-0.958816,0.16424632
uncoupled,1,-0.5077782,0.11594184,-0.39758036
uncoupled,1,1.7300878,-0.00804648,-0.08824346
uncoupled,1,1.0196321,0.5007425,0.22598003
uncoupled,1,-7.7749743,-3.3809817,-10.127504
uncoupled,1,2.0261192,-0.64155686,0.34558135
uncoupled,1,-0.44317213,0.21752779,-0.31366357
uncoupled,1,-0.5077782,0.11594184,-0.39758036
uncoupled,1,-0.5077782,0.11594184,-0.39758036
uncoupled,1,-0.12990533,-0.4783835,0.28888312
uncoupled,1,-0.56379694,-0.67029655,-0.7557915
uncoupled,1,-0.5077782,0.11594184,-0.39758036
uncoupled,1,-0.299064,0.09920251,-0.4895384
uncoupled,1,-3.5972118,-0.70175105,-3.5201502
uncoupled,1,-0.0076852413,-0.12521361,0.23178884
uncoupled,1,0.27544013,-0.8405956,2.6323292
uncoupled,1,24.708488,-16.212307,51.106667
uncoupled,1,4.2495303,-7.1216097,1.3932847
uncoupled,1,-0.5077782,0.11594184,-0.39758036
uncoupled,1,-0.19073519,0.8661661,0.9244126
uncoupled,1,-0.28417766,0.8072596,0.42964202
uncoupled,1,0.7814109,-0.44537503,1.0168475
uncoupled,1,-0.5077782,0.11594184,-0.39758036
uncoupled,1,-1.5844272,-0.53845537,-1.4432356
uncoupled,1,0.10685692,-0.9379119,0.11861377
uncoupled,1,-0.64321905,0.12873203,0.12026054
uncoupled,1,0.93940467,0.006584825,0.059215453
uncoupled,1,1.4727509,0.16251388,0.29686144
uncoupled,1,-0.47604015,-0.27982154,0.30134943
uncoupled,1,5.120327,2.4555504,0.22977307
uncoupled,1,-0.5077782,0.11594184,-0.39758036
uncoupled,1,0.44567695,0.24424247,-0.6910462
uncoupled,1,-0.5077782,0.11594184,-0.39758036
uncoupled,1,-0.98173493,0.117799595,-0.81092566
uncoupled,1,-0.5692274,-0.27861676,-0.7923262
uncoupled,1,1.1868632,-0.7518121,0.7414354
uncoupled,1,3.612165,-1.5835167,-1.3051183
uncoupled,1,0.32439777,-1.1701257,-0.017751044
uncoupled,1,0.20048358,0.17474018,0.34844154
uncoupled,1,2.1285317,-0.9596365,0.8020084
uncoupled,1,-0.062543154,-0.9337906,0.39613286
uncoupled,1,0.24657205,-0.025654832,1.5348724
uncoupled,1,-0.5077782,0.11594184,-0.39758036
uncoupled,1,3.029226,-0.04501326,2.667278
uncoupled,1,-0.5077782,0.11594184,-0.39758036
uncoupled,1,0.6423509,0.23059934,-0.5545576
uncoupled,1,-1.4791063,-0.47602513,-0.92224365
uncoupled,1,20.77853,-28.282978,-20.887165
uncoupled,1,-0.1797417,0.19540164,0.27795246
uncoupled,1,4.9672513,-1.4032104,1.29007
uncoupled,1,17.18575,17.944273,-13.854506
uncoupled,1,-1.0932635,2.5115967,3.5717952
uncoupled,1,-0.59229994,0.585904,0.54072326
uncoupled,1,0.92122614,-0.14044859,-0.30076396
uncoupled,1,-0.5077782,0.11594184,-0.39758036
uncoupled,1,-0.5077782,0.11594184,-0.39758036
uncoupled,1,-1.2508328,-0.32124022,2.9378242
uncoupled,1,-0.40399864,-0.35999736,-0.2615602
uncoupled,1,3.4906275,1.7120441,5.531189
uncoupled,1,-0.5077782,0.11594184,-0.39758036
uncoupled,1,0.34812725,0.15358296,-0.15782467
uncoupled,1,-0.5077782,0.11594184,-0.39758036
uncoupled,1,0.66207176,-0.05730528,-0.8425267
uncoupled,1,5.487116,-7.550006,-5.452133
uncoupled,1,-1.7624848,0.62642425,-0.63914174
uncoupled,1,-0.5077782,0.11594184,-0.39758036
uncoupled,1,-0.5077782,0.11594184,-0.39758036
uncoupled,1,-2.2435465,-1.088192,1.8298594
uncoupled,1,-0.27963126,0.884834,-0.51132905
uncoupled,1,1.1944678,-0.6247943,0.8623072
uncoupled,1,-0.5077782,0.11594184,-0.39758036
uncoupled,1,1.1550299,-1.9005572,1.2425222
uncoupled,1,-0.028718352,0.054316923,-0.19935872
uncoupled,1,9.231147,5.6346245,1.1670312
uncoupled,1,0.106136024,0.12798588,-1.3551869
uncoupled,1,-0.47543874,-0.12601773,-0.55014175
uncoupled,1,1.103557,-0.46626163,0.04523469
uncoupled,1,-1.3028909,0.2155902,-1.0407499
uncoupled,1,1.1549082,-1.9004762,0.1380669
uncoupled,1,-0.44651574,1.0254653,-0.061116893
uncoupled,1,0.510546,0.0405691,-1.317727
uncoupled,1,-0.5077782,0.11594184,-0.39758036
uncoupled,1,1.6367618,1.2454506,-0.92471737
uncoupled,1,0.0085093025,-0.93989044,-0.83816665
uncoupled,1,8.871035,0.97620344,-2.2499454
uncoupled,1,0.66102356,-0.54575527,0.65060943
uncoupled,1,0.73438525,-1.5597286,0.8311201
uncoupled,2,-2.2185001,-0.06000561,0.122050785
uncoupled,2,-4.5273123,0.15275636,-2.0101552
uncoupled,2,-5.5544925,1.0628977,-3.4637535
uncoupled,2,0.5650104,1.7063422,-0.26398963
uncoupled,2,-5.286788,1.9770356,-0.8020483
uncoupled,2,2.9950404,6.552084,-1.0573658
uncoupled,2,-4.6271696,2.330367,2.4687667
uncoupled,2,-1.2822856,1.1921107,0.0061245053
uncoupled,2,-6.61581,3.4140015,5.904336
uncoupled,2,-6.3183055,2.3801544,-0.69860286
uncoupled,2,-1.1988978,0.2967476,-0.52973413
uncoupled,2,-6.132897,7.176846,7.4064364
uncoupled,2,1.2551063,0.77928466,-0.4970569
uncoupled,2,-0.5077782,0.11594184,-0.39758036
uncoupled,2,-5.5123115,1.0359825,-1.2153102
uncoupled,2,0.4447266,-3.3740623,2.7864604
uncoupled,2,-2.9547381,0.86548984,-0.33468065
uncoupled,2,-6.0109777,-2.3469098,5.1692376
uncoupled,2,-8.604485,3.109827,6.21273
uncoupled,2,-17.212858,12.294664,5.3691716
uncoupled,2,-11.873071,6.4396243,-2.8954368
uncoupled,2,-1.3726983,0.5911668,0.77326757
uncoupled,2,-6.733056,7.2226706,-0.6452297
uncoupled,2,-7.1392193,4.7929516,2.3670113
uncoupled,2,-0.90960073,-0.20947622,-0.38061944
uncoupled,2,-8.209445,4.40046,0.42797002
uncoupled,2,-0.27965483,4.172855,-0.6283666
uncoupled,2,-1.0160595,0.25130087,-0.47242987
uncoupled,2,2.0596569,0.54614884,3.238128
uncoupled,2,-0.10592112,1.2670114,-0.7350606
uncoupled,2,0.28013468,0.72984725,-0.37184018
uncoupled,2,-1.2789257,0.5811417,-0.34660298
uncoupled,2,-5.967677,0.6081461,4.097947
uncoupled,2,-1.0968568,0.711235,-0.38607883
uncoupled,2,-1.188598,1.6995918,2.1696284
uncoupled,2,-3.0727274,5.4315095,-0.41592702
uncoupled,2,-8.610968,1.4703677,10.450547
uncoupled,2,-1.466187,0.40622437,-0.17360719
uncoupled,2,-0.13243382,0.8688637,0.36759976
uncoupled,2,-4.236039,8.354292,-1.3107578
uncoupled,2,-4.258132,4.3128967,-0.1486899
uncoupled,2,-1.8398156,1.8972651,0.24688223
uncoupled,2,-4.464806,4.4525065,-0.3863547
uncoupled,2,-0.5928063,0.71687007,-0.049382426
uncoupled,2,-2.355016,2.826354,-0.7365205
uncoupled,2,-5.8411584,0.08668005,-4.2911086
uncoupled,2,-2.2146122,1.3937644,-0.097657785
uncoupled,2,-2.8579075,1.4118373,2.8231015
uncoupled,2,-0.5077782,0.11594184,-0.39758036
uncoupled,2,-5.8027577,-0.290157,-2.931403
uncoupled,2,-1.139127,0.43802503,0.41200167
uncoupled,2,-5.995153,1.6323308,-2.803177
uncoupled,2,-3.8151665,-1.5212263,2.4026475
uncoupled,2,-0.89282966,3.5687115,0.87686306
uncoupled,2,-0.63107467,-0.11085924,-0.53546184
uncoupled,2,-1.047394,0.649688,-0.111741655
uncoupled,2,-1.741104,0.5506252,-0.5543828
uncoupled,2,-6.358832,0.89135313,-0.72769046
uncoupled,2,-5.2185717,2.380131,0.6329158
uncoupled,2,-8.331924,4.46992,-0.1599397
uncoupled,2,-3.9351847,1.7864687,0.35015857
uncoupled,2,-6.9978285,1.7763579,-2.1721263
uncoupled,2,-7.701591,1.6823438,-1.0964655
uncoupled,2,-3.5828173,2.722675,4.114861
uncoupled,2,-5.1948843,2.389194,-3.4409761
uncoupled,2,-1.2454995,4.0892286,13.673431
uncoupled,2,-5.7276053,10.663032,16.566425
uncoupled,2,-4.8609333,-1.631635,-5.1762934
uncoupled,2,-10.368053,6.9561453,-2.5718663
uncoupled,2,-16.304785,10.500373,4.9720507
uncoupled,2,-6.4115953,6.17111,-0.014381903
uncoupled,2,-4.489851,-0.81508785,-1.064488
uncoupled,2,-4.7498627,2.491738,7.007388
uncoupled,2,-0.5077782,0.11594184,-0.39758036
uncoupled,2,-8.096075,2.0652738,-3.0100815
uncoupled,2,-1.6141034,6.3180695,0.10365843
uncoupled,2,-1.3995545,9.833043,13.587723
uncoupled,2,-0.7453054,-0.29080275,-1.0424652
uncoupled,2,-5.569128,1.4335921,-4.157865
uncoupled,2,-0.5706749,0.1590635,-0.46367162
uncoupled,2,-10.238562,-0.7593152,-6.6328664
uncoupled,2,-5.9817615,0.24248555,-3.436838
uncoupled,2,-5.481451,1.4448658,-4.2668104
uncoupled,2,-2.5675242,1.627958,-5.0692325
uncoupled,2,-4.272682,1.6407145,-4.2936463
uncoupled,2,-3.935267,2.7970912,-4.5977974
uncoupled,2,-2.3411052,1.4576384,2.1678789
uncoupled,2,-11.3743105,4.700434,-1.0436928
uncoupled,2,-1.4447553,1.8547562,0.16323873
uncoupled,2,-4.3362317,5.6195493,15.04009
uncoupled,2,0.5233079,-1.4800172,4.7166862
uncoupled,2,-5.1541424,1.6493193,-5.8669844
uncoupled,2,-5.5079875,7.2699184,8.765776
uncoupled,2,-4.5543475,4.438549,4.840001
uncoupled,2,-1.867709,0.12078409,4.2027955
uncoupled,2,-11.516862,8.617923,10.337987
uncoupled,2,-2.995051,2.7545967,2.113441
uncoupled,2,-7.7884045,2.6313946,-0.42092517
uncoupled,2,-6.8785415,4.7148776,5.6919074
uncoupled,2,-1.3374321,0.21637072,-0.31827796
uncoupled,3,1.5552524,2.9033766,-1.3492566
uncoupled,3,0.6868067,0.4301,-0.87066716
uncoupled,3,-0.5804635,0.31392446,0.18990012
uncoupled,3,2.5951164,-0.1347355,2.2516367
uncoupled,3,0.18255982,-0.20066696,-0.36550495
uncoupled,3,-0.7001918,-0.17390358,-0.8808254
uncoupled,3,0.09637529,1.0391392,-0.13296704
uncoupled,3,10.864157,-4.374743,17.94999
uncoupled,3,-0.5077782,0.11594184,-0.39758036
uncoupled,3,-0.119637236,-0.5719304,0.11945527
uncoupled,3,-0.5077782,0.11594184,-0.39758036
uncoupled,3,-0.2219405,0.58153886,0.066576056
uncoupled,3,1.1554497,-0.15218459,2.0092316
uncoupled,3,2.934373,-4.0380893,3.5185459
uncoupled,3,-0.5077782,0.11594184,-0.39758036
uncoupled,3,0.53453535,0.33346674,-0.07598981
uncoupled,3,-0.30114138,0.96571785,1.493846
uncoupled,3,-1.4478613,-0.8791221,-2.4293687
uncoupled,3,0.273676,-0.32636502,-0.9921262
uncoupled,3,2.0660667,-0.16109125,2.1833782
uncoupled,3,2.0505998,-1.3385338,0.5798084
uncoupled,3,-0.5873992,0.24427228,-0.3548398
uncoupled,3,-0.5077782,0.11594184,-0.39758036
uncoupled,3,1.9375411,-0.33900583,0.8462573
uncoupled,3,8.316088,5.059746,4.9107666
uncoupled,3,-1.269154,0.08291714,-0.6929236
uncoupled,3,-0.5077782,0.11594184,-0.39758036
uncoupled,3,0.7952022,0.60718155,3.6861346
uncoupled,3,-0.5077782,0.11594184,-0.39758036
uncoupled,3,1.9583992,-0.39902434,1.1266776
uncoupled,3,0.33402547,0.10332096,0.10412257
uncoupled,3,-0.34116003,0.090083465,-0.1164256
uncoupled,3,-0.5077782,0.11594184,-0.39758036
uncoupled,3,-0.22647712,0.2892032,0.6761227
uncoupled,3,-0.5077782,0.11594184,-0.39758036
uncoupled,3,10.785023,-5.1077585,0.6512117
uncoupled,3,-0.3590688,0.12136404,-0.23740648
uncoupled,3,-0.17807937,-0.4814108,0.33390152
uncoupled,3,-0.5077782,0.11594184,-0.39758036
uncoupled,3,-0.5077782,0.11594184,-0.39758036
uncoupled,3,0.6386997,1.570279,0.18834983
uncoupled,3,1.725501,-1.6138604,-2.2637997
uncoupled,3,2.0654519,-11.187505,9.061699
uncoupled,3,-0.3470946,0.6314332,-0.11485893
uncoupled,3,1.103946,-0.61929977,0.28116667
uncoupled,3,-0.5077782,0.11594184,-0.39758036
uncoupled,3,-0.90931046,-1.1003764,1.700528
uncoupled,3,-0.04285284,0.24594726,-0.12462365
uncoupled,3,-0.09124806,0.13460271,-0.36556238
uncoupled,3,0.4620065,0.50054556,2.1027575
uncoupled,3,-0.38062936,0.8062306,0.19421479
uncoupled,3,1.1881374,-0.22614655,1.8364179
uncoupled,3,-1.2432172,-0.94272584,-0.26077384
uncoupled,3,0.069774546,0.74235773,0.91957676
uncoupled,3,-0.06687343,0.2390956,0.9338786
uncoupled,3,1.1910077,-0.27572298,1.4760857
uncoupled,3,-0.5077782,0.11594184,-0.39758036
uncoupled,3,1.997549,2.696625,1.4571006
uncoupled,3,3.069114,-1.3720124,5.6020455
uncoupled,3,0.95119494,-1.8921849,0.1618147
uncoupled,3,-0.3883437,-0.0703268,0.152737
uncoupled,3,6.7985306,1.4309045,13.225957
uncoupled,3,-0.5077782,0.11594184,-0.39758036
uncoupled,3,-0.5077782,0.11594184,-0.39758036
uncoupled,3,5.3420835,2.2948382,0.37557986
uncoupled,3,-0.656413,1.0661207,-0.51880133
uncoupled,3,-0.28170907,-0.35193905,-0.27260172
uncoupled,3,3.3197207,-0.54735464,3.2855008
uncoupled,3,-0.1027806,0.55339384,2.4609997
uncoupled,3,-0.5077782,0.11594184,-0.39758036
uncoupled,3,-0.3862165,-0.056987908,-0.83965796
uncoupled,3,-0.5077782,0.11594184,-0.39758036
uncoupled,3,-0.5077782,0.11594184,-0.39758036
uncoupled,3,-0.8605201,0.4775672,-0.24127077
uncoupled,3,-0.5077782,0.11594184,-0.39758036
uncoupled,3,0.044069257,-0.5157786,0.11201208
uncoupled,3,-0.39634737,-0.5216219,-0.5726273
uncoupled,3,-0.35195813,0.689963,-0.24760357
uncoupled,3,-0.5077782,0.11594184,-0.39758036
uncoupled,3,1.5868149,-0.79808366,0.686978
uncoupled,3,1.0260208,-0.78427696,-0.52808285
uncoupled,3,0.008284557,0.026623642,0.84532034
uncoupled,3,0.24928011,0.7257698,-0.7152367
uncoupled,3,-0.5077782,0.11594184,-0.39758036
uncoupled,3,0.5001967,-0.97213465,0.3658413
uncoupled,3,-0.333712,0.1828916,-0.09400444
uncoupled,3,-0.07301202,-1.3368604,0.5137404
uncoupled,3,1.5363529,0.24628212,-0.30752742
uncoupled,3,-0.5077782,0.11594184,-0.39758036
uncoupled,3,-2.526318,-2.8169878,13.853493
uncoupled,3,3.2409194,0.28038487,1.4483339
uncoupled,3,-0.37122217,-0.0064914734,0.020966277
uncoupled,3,-0.5077782,0.11594184,-0.39758036
uncoupled,3,-0.6144107,-0.2893445,-0.5535188
uncoupled,3,0.40211782,-1.4115707,-0.0049678003
uncoupled,3,0.30946317,-0.083393,0.60720813
uncoupled,3,0.023953717,0.34450674,-0.08397982
uncoupled,3,-6.240473,1.7962563,-0.27445418
uncoupled,3,-1.2938298,-0.5636841,0.74212736
uncoupled,3,-0.36360076,-0.3548014,0.3192057
uncoupled,4,7.418585,0.9823746,0.26597813
uncoupled,4,-0.08641484,0.18769573,-1.2994713
uncoupled,4,-0.5077782,0.11594184,-0.39758036
uncoupled,4,-0.7418396,1.5288545,0.25606552
uncoupled,4,-0.5077782,0.11594184,-0.39758036
uncoupled,4,2.101081,0.1251978,0.6664702
uncoupled,4,5.7897415,0.8559239,2.3074737
uncoupled,4,1.1705005,0.80042845,-0.8873283
uncoupled,4,-0.41392905,-0.024790743,0.2945615
uncoupled,4,0.24168451,0.5114884,-1.0184568
uncoupled,4,0.05779697,-0.33269924,1.5275939
uncoupled,4,3.3583033,-3.2297392,-7.021671
uncoupled,4,1.5858077,-0.90569824,-0.07608877
uncoupled,4,1.7943352,0.13834926,1.4351127
uncoupled,4,-5.708103,12.2632065,-0.07888318
uncoupled,4,-0.5077782,0.11594184,-0.39758036
uncoupled,4,-0.5077782,0.11594184,-0.39758036
uncoupled,4,1.7293937,0.8315492,-0.9246688
uncoupled,4,-0.5077782,0.11594184,-0.39758036
uncoupled,4,-0.5077782,0.11594184,-0.39758036
uncoupled,4,0.47821465,0.7203171,1.8817931
uncoupled,4,0.88341516,1.4156044,2.955762
uncoupled,4,2.2900481,2.5041022,-0.76114994
uncoupled,4,-0.3638946,0.51545477,-0.5474323
uncoupled,4,-1.0143951,0.09025097,-1.1980428
uncoupled,4,0.9065193,0.368842,-0.043443345
uncoupled,4,0.697577,-0.09002512,0.25061452
uncoupled,4,-0.5077782,0.11594184,-0.39758036
uncoupled,4,-0.5077782,0.11594184,-0.39758036
uncoupled,4,6.804281,5.197473,-4.385322
uncoupled,4,-0.5077782,0.11594184,-0.39758036
uncoupled,4,2.5821748,-0.10797973,-0.39710554
uncoupled,4,1.2920557,2.1153083,-0.006438841
uncoupled,4,-1.2740998,0.15118895,-0.5057512
uncoupled,4,-0.5077782,0.11594184,-0.39758036
uncoupled,4,-0.94979537,0.19472088,-0.25374115
uncoupled,4,8.448123,-6.373881,1.4481002
uncoupled,4,-2.3725896,-0.5380715,-2.9253724
uncoupled,4,0.25736758,0.38403824,1.3380429
uncoupled,4,0.30885127,0.7265662,0.3058461
uncoupled,4,-0.48297238,1.0299162,-0.8380786
uncoupled,4,0.91779006,1.0130502,-0.4725957
uncoupled,4,-0.7548109,0.18591926,-0.98098433
uncoupled,4,4.4056854,3.6646667,6.5395617
uncoupled,4,-0.5077782,0.11594184,-0.39758036
uncoupled,4,-0.5077782,0.11594184,-0.39758036
uncoupled,4,-0.5077782,0.11594184,-0.39758036
uncoupled,4,-0.6011424,0.90658283,-1.0077565
uncoupled,4,0.95757383,3.2083168,0.4644076
uncoupled,4,-0.5077782,0.11594184,-0.39758036
uncoupled,4,-2.8416412,-0.727529,-6.427175
uncoupled,4,0.23756698,1.1106149,-1.0841492
uncoupled,4,-0.21137708,0.5670595,-0.45918542
uncoupled,4,-0.2837394,-0.07756731,0.011854727
uncoupled,4,-1.2101091,0.23751608,-0.9281523
uncoupled,4,1.0700613,0.5022063,1.6882285
uncoupled,4,-0.8293494,0.49266434,-0.82503474
uncoupled,4,0.0037849203,0.37444806,0.25676996
uncoupled,4,2.0497723,1.4574373,0.081242
uncoupled,4,2.4082773,-2.6590831,-2.3397803
uncoupled,4,1.669722,-6.044338,14.854225
uncoupled,4,-1.9408259,0.6839897,-0.09406651
uncoupled,4,-0.5077782,0.11594184,-0.39758036
uncoupled,4,-0.42443973,1.6209023,-0.5829528
uncoupled,4,1.2084417,0.07545957,0.8317778
uncoupled,4,-1.3865993,0.5312611,5.8200464
uncoupled,4,1.4968204,0.8814287,2.325273
uncoupled,4,-0.6637635,0.063256525,0.32191396
uncoupled,4,5.9105353,4.0726,5.1438265
uncoupled,4,-0.22973798,0.44382033,0.5783513
uncoupled,4,0.82246643,-0.8606366,0.34327218
uncoupled,4,3.127954,1.4651961,0.47376096
uncoupled,4,-0.5077782,0.11594184,-0.39758036
uncoupled,4,54.212494,57.05002,-15.701183
uncoupled,4,-0.15710947,0.70706457,1.2036481
uncoupled,4,13.237736,-4.2048635,0.19723292
uncoupled,4,-1.0119872,1.4968053,1.3919983
uncoupled,4,-0.45583755,0.14042038,0.535685
uncoupled,4,-0.5077782,0.11594184,-0.39758036
uncoupled,4,-0.5077782,0.11594184,-0.39758036
uncoupled,4,-0.5077782,0.11594184,-0.39758036
uncoupled,4,-0.5077782,0.11594184,-0.39758036
uncoupled,4,0.4269048,-0.3339902,0.5785488
uncoupled,4,4.189259,-0.22532347,3.3355868
uncoupled,4,-0.16713586,-0.15453015,-1.1399254
uncoupled,4,0.8537571,0.1953244,1.1544517
uncoupled,4,-0.5077782,0.11594184,-0.39758036
uncoupled,4,-0.25828782,0.16641282,0.5152056
uncoupled,4,0.058011275,2.3382814,-0.91288626
uncoupled,4,-0.4933318,-0.7272858,-0.9172897
uncoupled,4,-0.56947273,0.71083134,0.368414
uncoupled,4,-0.5077782,0.11594184,-0.39758036
uncoupled,4,-0.093970075,-0.4176971,0.06312045
uncoupled,4,0.6926236,0.54936785,1.0234765
uncoupled,4,5.2187743,5.741391,-1.3635207
uncoupled,4,-0.32705158,0.08387342,0.5826957
uncoupled,4,-0.5077782,0.11594184,-0.39758036
uncoupled,4,9.073366,-1.4730417,-2.630143
uncoupled,4,-0.41043103,-0.5835724,0.5413362
uncoupled,4,-0.5077782,0.11594184,-0.39758036
uncoupled,5,9.239167,-3.4181697,2.5518415
uncoupled,5,-0.5077782,0.11594184,-0.39758036
uncoupled,5,3.1910992,-1.023078,-1.2466768
uncoupled,5,-0.3929435,0.88983417,0.32069695
uncoupled,5,7.9996133,-8.973916,-7.9828467
uncoupled,5,-0.5077782,0.11594184,-0.39758036
uncoupled,5,1.5917134,0.3526359,0.31086826
uncoupled,5,4.4907455,-1.7017354,1.0593947
uncoupled,5,1.7276809,-0.04444769,1.5095432
uncoupled,5,2.8082407,1.4273266,0.15646793
uncoupled,5,-1.2971071,-0.18006602,-1.1420599
uncoupled,5,-0.5077782,0.11594184,-0.39758036
uncoupled,5,0.5320756,-0.94125277,1.6635534
uncoupled,5,4.5259333,-4.7013845,1.4354728
uncoupled,5,-0.5077782,0.11594184,-0.39758036
uncoupled,5,0.6367883,-1.0708479,-0.83141106
uncoupled,5,5.6169534,-2.7616317,1.1366597
uncoupled,5,-0.5077782,0.11594184,-0.39758036
uncoupled,5,0.68545663,-0.9795464,-1.2844272
uncoupled,5,0.29480118,-0.39101216,-0.40873504
uncoupled,5,-0.7574198,-0.8117219,-1.5233734
uncoupled,5,0.87170815,0.007706059,-0.59295225
uncoupled,5,-0.40652502,0.17273296,-0.3818503
uncoupled,5,5.967032,-8.721215,-4.7765427
uncoupled,5,0.0593823,-0.29937065,-0.9546544
uncoupled,5,9.592758,1.0009879,-2.2551346
uncoupled,5,6.7501674,-6.717888,-14.168277
uncoupled,5,-0.32085383,1.8211735,0.16295601
uncoupled,5,2.4551072,-1.2888653,0.1399949
uncoupled,5,0.9117252,-5.2158217,-1.8897167
uncoupled,5,-0.9512245,-1.3116717,2.1557848
uncoupled,5,2.2811992,-2.1645582,-0.9819613
uncoupled,5,10.648335,-0.009815027,-0.907758
uncoupled,5,5.214827,-3.9528854,-4.112865
uncoupled,5,-0.12569655,0.3903052,-0.7252123
uncoupled,5,0.5084936,-1.9145784,-0.2028637
uncoupled,5,0.46920598,-0.42452052,0.3930341
uncoupled,5,2.7556803,-1.4609387,0.06315583
uncoupled,5,-0.5077782,0.11594184,-0.39758036
uncoupled,5,-0.5114545,1.2076404,-1.8590255
uncoupled,5,0.3418885,-3.3286023,-5.582134
uncoupled,5,-0.5077782,0.11594184,-0.39758036
uncoupled,5,-1.2105558,-0.74907786,-0.24859563
uncoupled,5,-10.515198,-3.158001,-15.285948
uncoupled,5,-0.5077782,0.11594184,-0.39758036
uncoupled,5,-0.14964034,-0.27421623,0.63886493
uncoupled,5,0.11725806,-0.3006845,1.6883391
uncoupled,5,-0.505411,0.36239368,-0.6030697
uncoupled,5,2.404248,0.9899365,-0.9949429
uncoupled,5,1.6628773,0.47844255,-1.1197017
uncoupled,5,2.852309,-1.386037,0.9679903
uncoupled,5,4.0812745,-5.4719224,1.7229668
uncoupled,5,-0.5077782,0.11594184,-0.39758036
uncoupled,5,1.1599002,-0.66895133,-0.9028638
uncoupled,5,1.4082967,-0.35014513,-0.8590677
uncoupled,5,-0.5077782,0.11594184,-0.39758036
uncoupled,5,-0.5077782,0.11594184,-0.39758036
uncoupled,5,-0.06302358,-0.33013985,-0.541593
uncoupled,5,15.804254,-8.895908,-3.6439617
uncoupled,5,0.18746167,-0.22175154,-0.8227586
uncoupled,5,4.423716,-0.7843388,1.0827202
uncoupled,5,-0.32458264,0.3786727,-0.37499973
uncoupled,5,-0.91901475,0.022991555,-0.27119583
uncoupled,5,-0.5264994,-0.0074232724,-0.43897998
uncoupled,5,4.5053205,-6.2082963,4.762393
uncoupled,5,2.6761868,-0.8383423,1.4247274
uncoupled,5,-0.32477573,0.113414,0.34760416
uncoupled,5,0.13281178,-0.072689995,-0.59464294
uncoupled,5,-0.40111372,0.33469707,-0.77001137
uncoupled,5,-0.4577115,0.1104138,0.8719822
uncoupled,5,1.3206031,-1.2929937,0.98332155
uncoupled,5,-0.40956068,-0.38802907,0.12490285
uncoupled,5,0.03594584,2.6636515,-9.672719
uncoupled,5,-0.2359612,-3.9249778,-2.5692284
uncoupled,5,-0.5077782,0.11594184,-0.39758036
uncoupled,5,-0.5077782,0.11594184,-0.39758036
uncoupled,5,-0.5077782,0.11594184,-0.39758036
uncoupled,5,5.6472406,-4.080927,10.799954
uncoupled,5,1.1919185,-0.13610889,1.5812865
uncoupled,5,4.568126,-4.8131175,4.375533
uncoupled,5,0.17982997,-0.83610475,-1.3330209
uncoupled,5,-1.0335516,0.11797493,-0.35001206
uncoupled,5,-0.35005823,0.11303562,-0.12854004
uncoupled,5,0.48721796,-0.5276626,0.7166044
uncoupled,5,4.7586236,-4.2540965,-8.163529
uncoupled,5,0.22405402,-0.13813697,0.4432722
uncoupled,5,-0.5077782,0.11594184,-0.39758036
uncoupled,5,0.9120912,-0.93648595,2.0957992
uncoupled,5,2.9831781,-2.090817,0.20997159
uncoupled,5,-0.5077782,0.11594184,-0.39758036
uncoupled,5,-0.5077782,0.11594184,-0.39758036
uncoupled,5,0.8683043,0.5003114,2.292905
uncoupled,5,-0.5077782,0.11594184,-0.39758036
uncoupled,5,-0.34428832,-0.23226199,-0.83901566
uncoupled,5,0.38279223,0.6576542,-1.2389824
uncoupled,5,14.097194,-11.853401,8.284193
uncoupled,5,-0.21042551,0.54356456,0.43568277
uncoupled,5,1.4714549,-0.261676,-0.5119304
uncoupled,5,-0.5077782,0.11594184,-0.39758036
uncoupled,5,-0.5077782,0.11594184,-0.39758036
coupled,0,0.15295005,0.6327821,-1.968348
coupled,0,0.45179975,2.239402,-5.210839
coupled,0,-0.54558474,-0.33382964,-4.9776525
coupled,0,-3.485225,1.2036461,-3.9175289
coupled,0,-1.7134687,1.2038981,-1.4892095
coupled,0,0.29258978,0.51976156,-1.7619354
coupled,0,0.46037066,0.48391584,-0.3189451
coupled,0,-0.1649082,0.5122965,-2.2856987
coupled,0,-0.19873703,1.0811098,-4.091986
coupled,0,-1.5524273,-1.9161874,-6.101767
coupled,0,-1.8868047,-0.0906707,-8.810013
coupled,0,-0.4934258,0.009260033,-1.3136264
coupled,0,-1.4378885,0.99654573,-3.9172635
coupled,0,-0.49483696,1.3984324,-4.5161204
coupled,0,0.78456557,-0.78532803,-0.6806337
coupled,0,0.43327063,-0.17385595,-1.0393296
coupled,0,0.42569456,0.2909599,-1.4093176
coupled,0,0.6669996,-0.20116371,-0.9748991
coupled,0,-3.7788649,-2.3280532,-6.209796
coupled,0,1.1785189,0.2721363,-1.6038176
coupled,0,0.2704253,0.2233786,-3.5822697
coupled,0,1.6324747,-0.15304098,-3.2348557
coupled,0,-3.1140018,-2.0691586,-8.016417
coupled,0,0.420059,-0.17937146,-3.6051335
coupled,0,0.582151,2.1603074,-3.0206594
coupled,0,0.40978724,0.4929048,-3.9914436
coupled,0,-2.401516,-0.3389757,-3.7369483
coupled,0,-0.97602314,-0.033296514,-5.9295645
coupled,0,0.7385582,-1.1861558,-3.4881716
coupled,0,-0.7651836,0.76960063,-5.05381
coupled,0,0.46294388,0.329543,-0.9766632
coupled,0,-1.8884457,-1.1366792,-5.427401
coupled,0,-0.84702736,0.44343874,-3.7227385
coupled,0,-0.47177768,-1.1455089,-2.716711
coupled,0,0.9092405,0.914603,-4.092513
coupled,0,0.47078282,1.2445538,-1.3672328
coupled,0,-1.476394,0.027868744,-3.2503905
coupled,0,-0.5689991,0.37247244,-2.2822647
coupled,0,-1.0849428,0.8006653,-2.4525385
coupled,0,2.1078053,-0.4230582,-4.0024242
coupled,0,1.904291,-0.5433948,-0.3674558
coupled,0,-1.1939992,1.2021091,-3.5651984
coupled,0,-3.502356,-1.3834502,-4.520111
coupled,0,-4.206509,0.030841568,-6.785454
coupled,0,-2.9959857,-2.1495588,-6.4682517
coupled,0,-0.8709807,0.20442556,-2.2285516
coupled,0,1.2470704,1.1898023,-3.4120674
coupled,0,0.91656405,0.5411785,-3.827942
coupled,0,-2.4111397,0.041823804,-5.542371
coupled,0,0.87158746,-0.5082964,-3.3955703
coupled,0,0.24933653,1.2555629,-2.7455063
coupled,0,-0.42754328,1.7226399,-4.5239806
coupled,0,-0.094292656,-0.5984974,-1.6967564
coupled,0,0.68356025,-0.032859337,-2.472584
coupled,0,-0.5450072,-0.18951504,-4.141726
coupled,0,-0.38910007,-1.3597156,-2.9865477
coupled,0,1.168601,-0.92444134,-9.777273
coupled,0,-1.5647855,-0.7309745,-3.248318
coupled,0,-1.5389411,-0.11154465,-4.45169
coupled,0,0.9596535,1.928942,-2.476315
coupled,0,1.324899,-0.70641327,-5.165986
coupled,0,-0.47821102,0.12624104,-2.2104192
coupled,0,-1.4224097,0.100571215,-2.0972881
coupled,0,0.076699786,0.8865989,-2.3753283
coupled,0,-0.07179566,-0.33449042,-3.4897854
coupled,0,1.2742988,-0.24287319,-1.2194344
coupled,0,0.07247117,-0.018475674,-1.174116
coupled,0,-0.22023319,1.2341434,-1.373801
coupled,0,1.3314937,1.365517,-3.2965455
coupled,0,0.122192204,0.8375539,-1.629972
coupled,0,1.2279152,0.095611244,-2.5407538
coupled,0,0.42802003,0.16449484,-0.37494817
coupled,0,-0.59592795,0.40446526,-4.3659916
coupled,0,-0.73372763,0.7693506,-5.1666074
coupled,0,-1.4227166,-0.8210128,-7.9171395
coupled,0,-1.5055963,0.54559135,-2.7891476
coupled,0,-0.32082585,1.9082547,-2.144593
coupled,0,0.2744543,0.36188135,-2.7736895
coupled,0,1.7362504,0.38305557,-1.9816341
coupled,0,1.1819184,-0.7446467,-4.20985
coupled,0,-2.519499,-0.31276986,-5.605758
coupled,0,-9.401346,1.9128228,-18.055096
coupled,0,-0.9279929,-0.655673,-2.2996502
coupled,0,-0.06833415,0.37243143,-1.6248802
coupled,0,-7.0624614,-1.4133221,-7.567195
coupled,0,0.044701405,-0.2210643,-5.8920765
coupled,0,-0.3068453,0.4966934,-1.1792201
coupled,0,-1.1621138,0.75331587,-4.049372
coupled,0,1.6076034,0.11558549,-3.8108904
coupled,0,0.2553643,-0.2666686,-0.5762506
coupled,0,-0.96632856,1.2253224,-4.6016088
coupled,0,-2.3911505,-0.27925453,-5.2127514
coupled,0,1.0325071,-0.37550017,-2.622812
coupled,0,0.42802003,0.16449484,-0.37494817
coupled,0,0.56815225,0.40811658,-3.888536
coupled,0,-0.764342,-0.56171715,-4.492329
coupled,0,0.47794238,-0.15625982,-1.5453506
coupled,0,-1.025056,-0.09357967,-4.699973
coupled,0,0.762872,-0.17788598,-3.8618264
coupled,0,1.2384742,0.86127394,-1.5443484
coupled,1,-1.10093,-3.6121023,-2.1540155
coupled,1,-1.0242448,-0.8112306,-1.547896
coupled,1,-0.8088131,-0.11729361,-0.26574156
coupled,1,-0.41096726,-1.4256332,-1.7823817
coupled,1,0.9822586,-4.1558537,-3.0288126
coupled,1,-2.0854206,-8.3237295,-4.2699904
coupled,1,-0.6150704,-3.0216813,-2.9277883
coupled,1,-0.06567466,-1.2226771,1.7082007
coupled,1,-0.7917857,-4.194593,-0.4562287
coupled,1,-2.787412,-4.627078,-3.5231295
coupled,1,3.3180358,-3.8549294,-3.2856858
coupled,1,-2.0561328,-5.0416574,-2.4853623
coupled,1,-0.42524934,-0.14092122,-0.95755297
coupled,1,-0.95141715,-2.8598905,-0.18510546
coupled,1,-1.7492397,-4.8652663,-1.0069126
coupled,1,-0.29490077,-1.8787894,-1.1934873
coupled,1,-5.0019417,-6.310155,-1.5952139
coupled,1,-1.5877591,-0.40404922,-1.0228223
coupled,1,0.083215185,-5.750455,-1.9889814
coupled,1,-3.1544087,-4.9060473,-4.1925077
coupled,1,-4.4561076,-2.4282253,0.10439867
coupled,1,-0.247307,-1.2744762,-2.1858902
coupled,1,-0.8535372,-3.4658785,-1.3408262
coupled,1,0.025227632,-1.3179034,0.5706956
coupled,1,-1.4325866,-2.928009,-1.7708591
coupled,1,-0.569744,-5.042696,-2.0274367
coupled,1,-0.9833542,-0.76959217,-0.64396197
coupled,1,-0.52383685,-3.7833636,1.7625715
coupled,1,-1.3671921,-2.0391946,0.29454318
coupled,1,-3.3953304,-2.3144183,-1.4985229
coupled,1,-1.842372,-3.9592428,-2.0032835
coupled,1,-0.2506937,-2.6785746,-2.5564232
coupled,1,-2.4444695,-3.263642,-0.35272363
coupled,1,-0.9231284,-3.0070143,-1.0846591
coupled,1,-5.542344,-8.312225,-3.3746483
coupled,1,-1.3894495,-6.915464,-4.8087735
coupled,1,0.32042912,-2.9548547,-2.7030084
coupled,1,-1.347113,-1.6808491,-0.8221692
coupled,1,-1.1872661,-4.320237,-1.9710269
coupled,1,0.60774523,-0.19912714,-0.729813
coupled,1,-2.1296554,-3.3684487,-0.8622316
coupled,1,-2.5236492,-8.623464,-2.3750572
coupled,1,-2.8363543,-8.894152,-8.372917
coupled,1,-3.8383772,-4.589173,-3.055521
coupled,1,-0.65347093,-4.134064,-1.803975
coupled,1,-1.2615694,-4.764706,-2.1875908
coupled,1,-0.0023798645,-1.016779,0.34897143
coupled,1,0.078578494,-7.536662,-4.625909
coupled,1,-2.976737,-5.8151183,-3.1226747
coupled,1,-10.034332,-13.9621725,-6.7435756
coupled,1,-1.5714803,-4.9897575,0.7340346
coupled,1,-1.8544278,-2.8834772,-0.7949723
coupled,1,-2.6563292,-6.3215275,-3.4273925
coupled,1,-3.204726,-9.709428,-1.8193098
coupled,1,-3.2892601,-7.456885,0.44736877
coupled,1,-1.6693584,-6.6794014,-2.9296722
coupled,1,0.085025564,-1.3456199,-0.21793333
coupled,1,-1.0923316,-2.9715502,-2.4291563
coupled,1,-3.9039624,-5.163274,-2.9007747
coupled,1,-3.7411983,-6.535997,-1.6079026
coupled,1,-1.6504737,-6.7386603,-0.9715454
coupled,1,-0.10220011,-2.8999894,-0.6855073
coupled,1,-0.7872755,-6.496315,-1.3059183
coupled,1,-1.6644162,-2.650481,-0.97013545
coupled,1,0.09550948,-0.12716156,-0.35286254
coupled,1,-1.6905957,-2.573541,-2.1232326
coupled,1,-0.39255807,-0.9841819,-1.081944
coupled,1,-1.5493559,-1.6295879,-0.8368572
coupled,1,-1.952206,-3.3350444,-1.3071178
coupled,1,-1.9897912,-7.083227,-1.5296711
coupled,1,-0.66238236,-5.3910966,-3.9036446
coupled,1,-1.0196348,-2.6163335,0.88209736
coupled,1,-2.015385,-6.298843,-2.073277
coupled,1,-6.005785,-11.039499,-5.6960897
coupled,1,-1.7898612,-1.1438106,-1.3776344
coupled,1,-1.7129403,-6.836921,-0.60114896
coupled,1,0.42802003,0.16449484,-0.37494817
coupled,1,-3.3925443,-4.3872685,0.45524743
coupled,1,-3.672473,-1.2521114,-2.3484526
coupled,1,-0.61034924,-2.173294,-0.25088713
coupled,1,-2.4888515,-6.5395007,-3.398274
coupled,1,-0.36637825,-3.0522184,-2.3254254
coupled,1,-1.5914782,-2.3580723,1.0642188
coupled,1,0.018183457,-2.4499757,-3.7326205
coupled,1,-3.1771276,-5.7921853,-1.2599022
coupled,1,-0.67566264,-2.3826962,-0.47018987
coupled,1,-1.9979191,-3.5788689,-0.7660015
coupled,1,-1.1407543,-2.548507,-1.0878736
coupled,1,0.44474557,0.100368336,-0.327693
coupled,1,-3.7161632,-7.5887876,-0.5650824
coupled,1,-1.3651851,-2.822547,0.5232123
coupled,1,-1.8520839,-3.2544587,-1.9738433
coupled,1,-1.3596618,-5.7718287,-2.3590636
coupled,1,0.42802003,0.16449484,-0.37494817
coupled,1,-1.0040019,-4.9843736,-2.6607437
coupled,1,-5.2271233,-5.186462,-6.403033
coupled,1,0.41195497,-1.8240674,-3.2864556
coupled,1,0.5439435,-6.359719,-1.3369765
coupled,1,-0.9032324,-4.047362,-0.7358001
coupled,1,-1.19902,-5.753082,-2.3368642
coupled,2,-5.2327943,-1.5054655,-2.58092
coupled,2,-5.5470815,-0.4487959,0.42238596
coupled,2,-3.1102395,-0.40119234,-1.3207473
coupled,2,-3.470997,-2.021624,0.10866062
coupled,2,-2.2411227,0.7356544,-0.09187333
coupled,2,0.0010624811,-0.36376575,-0.9122643
coupled,2,-7.6992426,0.2113349,0.45700702
coupled,2,-6.7970996,-1.7813913,0.55376595
coupled,2,-8.833284,-3.4648092,-0.5944275
coupled,2,0.10652321,0.30452138,-1.0714444
coupled,2,-4.9550047,-0.68868417,1.0928867
coupled,2,-0.7497126,-0.7310289,-0.45885772
coupled,2,-5.34794,-1.1203394,-0.2111178
coupled,2,-9.103652,-0.8143863,-2.5416486
coupled,2,-0.71772736,0.70294154,-0.13037361
coupled,2,-9.948428,0.99947083,-2.7873125
coupled,2,-16.371193,1.2817765,-3.8797553
coupled,2,-2.6116264,-0.90648043,0.2643546
coupled,2,-10.166648,-1.2790238,3.078462
coupled,2,-5.714293,5.0752244,1.5908022
coupled,2,-4.3878417,0.6167407,-2.3150826
coupled,2,-9.002343,-0.9426312,0.32123995
coupled,2,-10.588199,-0.08610174,0.8396222
coupled,2,-2.8476799,-0.30159616,-0.6577085
coupled,2,-5.2121043,-2.664678,1.5046606
coupled,2,0.42802003,0.16449484,-0.37494817
coupled,2,-3.448578,-0.121279955,-2.8044374
coupled,2,-6.6134014,-0.9841501,-1.6373243
coupled,2,-2.3743715,0.6245086,-0.006024119
coupled,2,-0.44414595,-0.18305792,-0.5581356
coupled,2,-4.0809236,-1.560263,-1.1310335
coupled,2,-7.18669,-0.27070504,-4.4785194
coupled,2,-6.004551,-2.0349622,-2.1679773
coupled,2,-2.8119478,2.3596406,-2.17976
coupled,2,-7.808079,1.3384908,-0.27747488
coupled,2,-0.98304486,-0.14296222,-0.059794124
coupled,2,-4.3674726,-2.0628295,-1.0635582
coupled,2,-3.1108534,-1.4053923,0.17018287
coupled,2,-10.535974,-3.2925997,2.657138
coupled,2,-5.952999,1.6666934,-3.7508125
coupled,2,-1.9479368,-0.34306237,-0.8145598
coupled,2,-7.340748,2.413126,-2.5369236
coupled,2,-5.6806917,1.3884922,-0.9206032
coupled,2,-4.713246,0.4402496,-0.26239067
coupled,2,0.42802003,0.16449484,-0.37494817
coupled,2,-2.7528057,-0.55465555,-0.9217847
coupled,2,-4.773021,-3.153003,-0.9284981
coupled,2,-11.323882,-4.290497,-2.2072992
coupled,2,-12.428025,-1.9375603,-2.5916984
coupled,2,-7.243345,0.11899219,-0.6993508
coupled,2,0.30201113,0.8425725,-0.79953444
coupled,2,-2.8323908,-1.0442655,-1.0573498
coupled,2,-9.850432,0.27419853,0.024207363
coupled,2,-7.1787663,-2.218439,0.17341237
coupled,2,-11.939931,-0.86011165,-1.1136167
coupled,2,-6.075747,1.0919075,-0.33419862
coupled,2,-7.1104145,-1.8159341,-3.209235
coupled,2,-0.96179193,-0.35454848,-0.22909424
coupled,2,-7.8597193,-1.02224,-0.68207806
coupled,2,-2.954098,0.20243177,0.37040654
coupled,2,-7.850585,3.0211406,0.16548268
coupled,2,0.5900176,0.30395275,0.78793633
coupled,2,-8.748738,-1.9054308,-1.7566987
coupled,2,-7.641715,-2.231599,-2.4308903
coupled,2,-4.8861966,-2.5237277,1.5435028
coupled,2,-13.096481,-8.034548,-3.3301523
coupled,2,-9.655042,-3.7499146,2.2129521
coupled,2,-10.577933,-2.6907415,-1.6084436
coupled,2,-4.136035,0.6726469,-0.31383845
coupled,2,-5.0165267,-2.782679,-1.4499375
coupled,2,-1.3459492,0.27592835,-1.2394502
coupled,2,-3.9122326,1.5615857,1.0850966
coupled,2,-12.947704,-6.092787,0.8172471
coupled,2,-7.5298924,-2.3729734,0.16157682
coupled,2,-4.3318253,-1.9425519,-1.3855937
coupled,2,-4.4025564,0.101290196,-0.90522623
coupled,2,-6.6657815,-2.6176398,-2.5856185
coupled,2,-1.8523942,-0.007858285,-0.7351309
coupled,2,-8.364902,-0.7687237,0.60079825
coupled,2,-8.956241,-2.2986808,0.28600073
coupled,2,-7.137096,-1.6454357,2.865894
coupled,2,-2.612114,-2.074802,-1.088023
coupled,2,-3.4003425,0.32631484,0.17960818
coupled,2,-0.14068598,-0.32060915,-0.30185786
coupled,2,-4.417311,-2.4715648,-0.60541606
coupled,2,-5.316637,-0.32182157,-0.65361685
coupled,2,-4.934536,-0.97996414,-5.1063323
coupled,2,-8.944641,-1.5851171,-3.0361993
coupled,2,-2.2770696,-1.9223703,-0.012193942
coupled,2,-0.6689154,0.11014328,-0.32145217
coupled,2,-5.973412,-0.76274556,-0.43636435
coupled,2,-2.6299884,0.094420694,0.54116386
coupled,2,-4.053173,-0.4433976,2.742983
coupled,2,-6.068323,-0.50669354,-2.0426788
coupled,2,-0.6552083,-0.62420475,-0.091586076
coupled,2,-5.5059304,-1.0411158,-0.6992235
coupled,2,-0.2647206,-0.04323184,0.15145113
coupled,2,-1.8204266,-0.13830884,0.76733094
coupled,2,-7.114316,-0.11715683,-3.3672273
coupled,2,-4.791145,-1.2470899,-3.1928568
coupled,3,-0.6205271,-1.3461804,4.726479
coupled,3,-0.30353516,-2.3821669,6.0673485
coupled,3,0.46840376,-2.1319718,8.210181
coupled,3,-1.127969,2.957608,7.1095796
coupled,3,0.0585454,0.62195283,5.018142
coupled,3,-0.11795712,-0.8097737,4.732854
coupled,3,0.19757748,-0.19866136,-0.05598838
coupled,3,-0.18483312,-2.4753635,8.538381
coupled,3,-0.06989536,-1.22382,-0.16966407
coupled,3,1.4514245,-1.9641691,7.2374105
coupled,3,-0.44877392,-2.1946585,6.867003
coupled,3,0.55145997,-2.2298217,7.84023
coupled,3,0.54430896,-0.47647837,0.47291285
coupled,3,0.21962693,-0.3680414,0.6430027
coupled,3,-2.3288977,-1.5778843,7.7224936
coupled,3,-0.06148508,-0.0789482,1.8853141
coupled,3,-0.47762677,-2.3859606,11.113578
coupled,3,1.2165844,-0.41522464,8.985048
coupled,3,-0.0072456226,-0.47143704,4.3108716
coupled,3,-2.0006862,-7.4553065,18.179974
coupled,3,-2.0050957,-6.4072804,5.044902
coupled,3,0.47533855,-1.9179037,8.399862
coupled,3,-1.4702481,-0.6644769,6.3892646
coupled,3,-0.09002044,-0.44494674,1.806276
coupled,3,-4.190899,-2.2338605,8.27814
coupled,3,-0.05311155,-0.76586586,4.075266
coupled,3,0.42802003,0.16449484,-0.37494817
coupled,3,0.31242853,-0.56180435,1.5270698
coupled,3,-6.837388,-1.9560771,12.982017
coupled,3,-0.4974983,-2.2959735,4.309327
coupled,3,-0.2839489,-0.4396125,7.077797
coupled,3,0.093850784,-1.9856321,3.13131
coupled,3,2.9089017,-2.1566653,8.692968
coupled,3,-0.27764702,-0.045777604,0.16143386
coupled,3,-0.094227895,0.5073729,0.44227242
coupled,3,1.7257004,-1.0551882,10.719088
coupled,3,0.49098843,-0.5706217,7.6577296
coupled,3,2.1809545,-1.0003616,4.4595385
coupled,3,0.3817445,-7.2806277,15.893109
coupled,3,1.5126169,-2.0599072,6.7154384
coupled,3,0.38051802,-0.36175206,8.10057
coupled,3,-1.047826,0.809712,11.250006
coupled,3,1.6435453,-2.515563,12.901517
coupled,3,2.1910372,-0.6166033,7.6455503
coupled,3,2.3277597,-3.1613007,10.196914
coupled,3,-0.39128688,-2.0657892,5.1239486
coupled,3,-1.8309318,-0.70492274,9.463348
coupled,3,0.022405956,-2.2339087,7.4016576
coupled,3,0.6367626,1.7937213,4.4237995
coupled,3,0.12242629,-1.9855937,4.53327
coupled,3,-0.81548756,-3.3660328,10.2034235
coupled,3,-1.003412,-1.5323261,9.389639
coupled,3,0.7841951,-0.75511473,6.970389
coupled,3,0.37734008,-1.6274261,4.3817635
coupled,3,0.98479825,-2.3455136,11.29027
coupled,3,0.009165463,-0.85358787,8.907007
coupled,3,-0.5672531,-1.2599308,8.985582
coupled,3,-0.045996338,-0.9521304,8.002699
coupled,3,0.98877746,0.25635296,0.4287604
coupled,3,-2.1833756,-1.3813117,5.4130225
coupled,3,-0.11349964,-2.5359929,12.095192
coupled,3,-2.0135367,-4.634496,17.15714
coupled,3,-1.0569582,-2.5262754,7.1751757
coupled,3,-0.29519147,-5.2914467,10.32798
coupled,3,-2.1998456,-2.266638,7.2966523
coupled,3,-0.73104864,-1.8719754,3.4418724
coupled,3,-2.1838346,-2.179058,7.5926857
coupled,3,-0.53345466,-3.2038317,9.28114
coupled,3,1.461369,-2.3963842,8.85547
coupled,3,1.6937708,-3.5826368,4.823033
coupled,3,0.5531301,-2.2342975,5.486867
coupled,3,0.8112353,0.25813234,4.278925
coupled,3,-0.5736624,-1.3780292,10.472864
coupled,3,0.44936988,-0.6584042,2.3594027
coupled,3,-1.323503,-1.0640141,9.052595
coupled,3,-0.9042534,-1.5370228,7.3737617
coupled,3,1.3894422,-2.15025,5.6762643
coupled,3,-0.27764702,-0.045777604,0.16143386
coupled,3,1.2181442,-0.69716966,2.470905
coupled,3,-0.75563484,-6.21937,20.041275
coupled,3,0.6579063,0.19292057,0.7609314
coupled,3,-1.6979122,-0.45205322,3.0291917
coupled,3,-0.049538862,-0.731437,4.953013
coupled,3,0.42802003,0.16449484,-0.37494817
coupled,3,0.5441366,-2.222052,7.777378
coupled,3,1.9119176,0.7908453,6.9566083
coupled,3,0.2900351,-0.66670775,9.478544
coupled,3,-0.16851188,-1.1860366,2.602942
coupled,3,-2.0960317,-3.706682,16.691847
coupled,3,-0.7627872,-1.3941183,6.98503
coupled,3,-0.2527474,-1.2138442,5.9099655
coupled,3,-1.5344584,-2.3077035,12.332617
coupled,3,-0.01784893,-0.9666394,3.8008528
coupled,3,0.6387999,0.06775818,3.2199376
coupled,3,0.6677172,-0.9555329,2.494228
coupled,3,-1.0330929,-2.6040769,10.865946
coupled,3,0.49381462,-1.8941787,6.828221
coupled,3,-0.40088013,-3.7310138,12.645172
coupled,3,-0.409559,-1.177743,3.911799
coupled,3,0.61869645,-2.0684268,7.506784
coupled,4,0.59919065,6.6033373,1.1800544
coupled,4,1.2002578,5.250517,0.36820045
coupled,4,0.122379944,1.3001153,0.15388873
coupled,4,-2.1274457,7.342688,1.4116888
coupled,4,0.32756364,9.159219,2.503959
coupled,4,1.2575327,10.508623,1.5986843
coupled,4,-1.9446629,14.611821,-1.393553
coupled,4,0.9179595,1.1731445,0.45966157
coupled,4,0.5059455,3.4945064,1.6679425
coupled,4,2.8090448,5.642154,0.32201457
coupled,4,0.603298,3.4572241,-1.058092
coupled,4,0.050433718,4.0912557,-0.15499924
coupled,4,0.040516656,3.962423,0.25037155
coupled,4,-3.7788703,7.556561,0.6794805
coupled,4,0.39389244,7.3298965,0.0846431
coupled,4,0.25723475,6.657771,1.0588703
coupled,4,-3.1392415,14.762774,2.1199193
coupled,4,-1.2119621,8.175604,0.007924243
coupled,4,0.37286162,8.097579,1.9905697
coupled,4,-2.3136268,9.467053,-0.97085595
coupled,4,-0.3678673,8.397743,-2.153341
coupled,4,0.33082905,8.506923,-1.2635064
coupled,4,-0.51412785,11.47803,2.8369884
coupled,4,0.98315847,5.8829336,-0.95561326
coupled,4,1.1787009,3.6982021,1.198821
coupled,4,-0.27764702,-0.045777604,0.16143386
coupled,4,-1.2706784,6.7772737,-0.7313489
coupled,4,0.24362992,1.5935019,-0.69544697
coupled,4,-0.85462964,12.850221,0.4878222
coupled,4,-2.0504603,13.778017,3.5974584
coupled,4,0.21237162,5.257284,0.28076723
coupled,4,-1.679926,4.7129765,-1.5574169
coupled,4,-0.15382601,0.88027453,-2.057261
coupled,4,-1.6444162,12.3253565,4.096809
coupled,4,0.7680015,8.045539,0.38590074
coupled,4,-0.10214637,1.1583508,-0.38038182
coupled,4,-1.273808,8.332311,0.7437912
coupled,4,0.41027847,0.019086638,-0.43807083
coupled,4,-0.7738296,14.656401,3.7626052
coupled,4,1.514986,7.9608507,-0.039939594
coupled,4,-1.4622102,12.870208,1.713549
coupled,4,-0.9664502,13.490659,-0.07814873
coupled,4,-0.91318166,3.340314,0.6702161
coupled,4,0.15050545,7.6223555,0.13466181
coupled,4,-0.27764702,-0.045777604,0.16143386
coupled,4,-2.8726087,8.1820965,1.0555484
coupled,4,-2.106109,8.830383,4.5418077
coupled,4,-2.504448,6.66339,0.42012635
coupled,4,-2.2035172,12.61737,-1.5053258
coupled,4,-0.049120344,2.5811975,0.43983594
coupled,4,1.0171212,5.2795515,-0.55512786
coupled,4,0.64258546,2.8688362,-0.44241703
coupled,4,-1.2924496,7.3301597,-1.6607447
coupled,4,1.369599,6.9975095,2.204806
coupled,4,-2.1464314,11.203103,2.172763
coupled,4,2.3208838,7.474617,0.38678575
coupled,4,-0.8496577,10.404797,2.6913216
coupled,4,1.5058135,10.51728,-0.9395424
coupled,4,0.64382225,1.0988371,-0.5833136
coupled,4,-2.3221061,22.271868,0.3492111
coupled,4,0.32240346,19.807657,-0.42877752
coupled,4,1.3656836,4.8690844,1.752716
coupled,4,-0.47699523,5.759921,-0.7690976
coupled,4,-0.8536544,11.795256,1.1739552
coupled,4,0.36526078,4.3175964,1.5614285
coupled,4,0.0558232,4.4967394,-0.1122406
coupled,4,0.26996705,2.73734,-0.2730578
coupled,4,0.42802003,0.16449484,-0.37494817
coupled,4,0.04198093,1.2524726,0.356578
coupled,4,-2.071391,8.93565,-0.24390016
coupled,4,-3.4414098,10.923124,3.351032
coupled,4,0.38825947,2.138515,0.2326386
coupled,4,-1.9491055,8.450167,-0.34656724
coupled,4,-0.9156233,16.699827,0.10409097
coupled,4,0.4950221,0.051446278,-0.010376178
coupled,4,-1.3384147,17.818218,-2.5341837
coupled,4,0.025430547,6.612623,0.7338508
coupled,4,-0.66228086,5.8887777,0.50807804
coupled,4,-2.2903352,7.4567084,-1.6380045
coupled,4,0.49041697,6.0459886,0.78094465
coupled,4,0.2817627,6.4335804,0.020428408
coupled,4,0.58917785,3.455069,0.13536163
coupled,4,0.42802003,0.16449484,-0.37494817
coupled,4,0.5276601,1.480242,-0.38564757
coupled,4,-1.8393798,10.537322,-0.956723
coupled,4,0.42802003,0.16449484,-0.37494817
coupled,4,-0.38277584,7.535565,-0.37102473
coupled,4,0.3445795,3.6585374,0.5077095
coupled,4,-2.5905364,11.650418,-1.4199667
coupled,4,-1.4119141,6.1666174,0.15410595
coupled,4,0.16247982,5.5756865,0.5362508
coupled,4,0.102880314,12.609613,1.6321758
coupled,4,0.7569993,8.993265,0.0014227217
coupled,4,-0.81397766,6.6816783,-1.4068205
coupled,4,-2.328679,17.350353,5.1761184
coupled,4,-0.62227565,5.2484436,0.58522063
coupled,4,-0.80140126,7.7029138,-0.67953235
coupled,4,-0.4549127,4.043917,0.0073471414
coupled,4,-1.5329543,3.6906662,2.0555997
coupled,4,0.23451853,5.7404237,0.024033254
coupled,5,6.417908,-0.06491581,0.56189597
coupled,5,8.559043,-0.98568326,-1.1504102
coupled,5,10.156369,-1.3738892,-3.3480587
coupled,5,4.7331634,-0.66074616,0.8286791
coupled,5,5.2554092,0.68484205,-1.7031709
coupled,5,5.5012197,-1.8993057,-0.8153085
coupled,5,7.566647,0.6278394,-2.016763
coupled,5,13.512764,-3.013041,3.725689
coupled,5,0.42802003,0.16449484,-0.37494817
coupled,5,10.967807,1.0367491,-4.57325
coupled,5,4.441319,0.94744337,0.4217214
coupled,5,9.543343,0.52525944,-2.3830433
coupled,5,7.831149,-0.6388259,-1.3691896
coupled,5,7.243288,-1.5138206,-1.012272
coupled,5,12.638634,-1.6402613,-2.2560837
coupled,5,18.603956,-3.6076627,-1.21515
coupled,5,7.2013764,-0.65555656,-0.26568946
coupled,5,10.915799,-0.2968986,1.420222
coupled,5,7.435109,-1.5684837,-2.5920496
coupled,5,13.776936,-0.20480189,-0.50563246
coupled,5,8.349967,-2.815639,-2.3535774
coupled,5,7.8041034,0.77256864,-0.5366584
coupled,5,3.2297168,0.11130845,0.023692394
coupled,5,10.566336,0.47901952,-0.647186
coupled,5,6.3619328,-0.8719231,0.10280898
coupled,5,5.4007506,-1.9746628,0.15711336
coupled,5,7.813554,-2.1035595,-0.6963589
coupled,5,2.0337481,0.029607605,-0.8300165
coupled,5,7.848357,-1.3007803,-1.8777614
coupled,5,5.2326717,-0.71541613,-2.0870132
coupled,5,3.8395715,-1.2944175,-0.7930877
coupled,5,10.826836,-2.0772765,-4.6882563
coupled,5,1.2839683,-0.81735754,-0.44387695
coupled,5,5.0594177,-0.31942707,-1.680981
coupled,5,8.598491,-2.108024,-0.35717487
coupled,5,7.1379504,-1.7736031,-0.42511094
coupled,5,4.548031,0.38772884,-1.3892365
coupled,5,8.41835,-0.49606085,-0.5675668
coupled,5,0.42802003,0.16449484,-0.37494817
coupled,5,8.863599,-2.2140124,-1.1364712
coupled,5,11.47484,-1.1660693,-2.352005
coupled,5,6.7725105,-0.9009996,-1.2106926
coupled,5,10.5004425,-3.2012568,0.4633495
coupled,5,7.9790273,-1.0153153,-3.6880786
coupled,5,4.7267623,1.2608353,-1.0406656
coupled,5,6.0226974,0.42440656,-1.7821759
coupled,5,7.160091,0.48731324,-1.7391124
coupled,5,16.479254,-2.550686,-1.5016882
coupled,5,6.812119,1.4141102,-4.268645
coupled,5,-0.2647206,-0.04323184,0.15145113
coupled,5,6.834245,-0.30402926,-2.322734
coupled,5,3.0511553,-1.1241063,-1.5240245
coupled,5,8.800508,-1.6404235,-0.2546477
coupled,5,4.0660973,-0.82323384,-0.8963767
coupled,5,7.9903655,-2.2415006,0.6154082
coupled,5,9.841117,-5.1403847,-3.0322778
coupled,5,12.17726,-1.3301226,-2.628296
coupled,5,7.060618,-0.12740642,-2.2419817
coupled,5,10.493281,0.12361378,-3.441401
coupled,5,8.855322,-1.4978305,-1.9552404
coupled,5,8.459097,1.4700923,-1.652555
coupled,5,15.916135,-8.511919,-1.9643892
coupled,5,11.508917,-0.4197603,-2.015105
coupled,5,7.5561557,-1.1792686,-0.7967352
coupled,5,12.1216,0.46971738,-5.248033
coupled,5,2.0473688,0.09585912,-1.1868222
coupled,5,12.883085,-3.2865615,-0.6801952
coupled,5,6.1329274,1.1644963,0.9255996
coupled,5,10.273412,0.08341899,0.22099362
coupled,5,5.944478,-1.4829412,-1.6837788
coupled,5,-0.27764702,-0.045777604,0.16143386
coupled,5,2.7068827,-0.0033518504,-0.1884658
coupled,5,7.18122,-0.8767663,-2.0460224
coupled,5,7.3275027,0.6595429,-2.5371046
coupled,5,4.9191933,-0.3802408,-1.1687334
coupled,5,2.2514834,-0.7365773,-0.8042087
coupled,5,7.5554924,-0.95192325,-3.2844
coupled,5,9.723603,-3.5168245,-0.96516836
coupled,5,11.30131,1.2049595,-2.7271671
coupled,5,6.367675,-1.3128554,-1.9437978
coupled,5,7.117859,0.7625304,-1.2071824
coupled,5,9.160955,0.127766,-1.3186746
coupled,5,1.0341526,0.36234757,-0.4923358
coupled,5,12.525996,-4.545236,5.3120646
coupled,5,8.59383,-0.9543937,-1.6992956
coupled,5,10.209739,-1.1618594,-3.415097
coupled,5,2.906213,-0.6242419,-0.36482576
coupled,5,2.8463228,-0.09224998,-0.51715475
coupled,5,16.61772,-4.245385,0.24659412
coupled,5,15.41903,-0.18491744,-0.31825867
coupled,5,12.160398,-0.959963,-1.349573
coupled,5,12.737948,-2.9902272,-1.2051735
coupled,5,7.356671,-0.8393286,-0.51699996
coupled,5,11.642821,-3.080812,1.4907771
coupled,5,12.63682,-2.534317,-4.3092337
coupled,5,10.737685,-0.58633196,1.2032033
coupled,5,4.6297503,1.0123935,0.11377854
coupled,5,10.519609,-1.544163,-0.9962188
coupled,5,9.035144,-0.77102274,-2.446454
coupled,5,3.71045,-1.2310222,-1.6267858
