network,1.0445,1.049,1.0534999999999999,1.058,1.0625,1.067,1.0715,1.0759999999999998,1.0805,1.085,1.0895,1.0939999999999999,1.0985,1.103,1.1075,1.1119999999999999,1.1164999999999998,1.121,1.1255,1.13
0,0.5967500000000001,0.6557083333333332,0.7150833333333334,0.690625,0.7110000000000001,0.7637916666666666,0.7727083333333333,0.7890416666666668,0.6399166666666666,0.7674166666666667,0.71525,0.7835,0.8384583333333333,0.8486666666666667,0.8305833333333333,0.8123333333333334,0.823375,0.83025,0.8276666666666667,0.7977500000000001
1,0.5952083333333333,0.5552499999999999,0.6506250000000001,0.6380416666666666,0.6194999999999999,0.7526666666666667,0.7935833333333332,0.8025833333333333,0.7559166666666666,0.7590833333333333,0.6975416666666664,0.8002916666666666,0.8191666666666667,0.8365833333333333,0.8242083333333332,0.8319166666666667,0.8159166666666667,0.8212916666666668,0.808125,0.82
2,0.5686666666666668,0.6267083333333334,0.6571250000000001,0.7225,0.6604583333333331,0.7282499999999998,0.7464999999999999,0.65625,0.7713333333333333,0.735375,0.7576666666666666,0.7939166666666666,0.8440416666666667,0.837625,0.836625,0.8088749999999999,0.8143750000000001,0.8044583333333334,0.8239166666666667,0.8084583333333332
3,0.5642083333333332,0.5900000000000001,0.62025,0.7138333333333334,0.63725,0.6816249999999999,0.7875833333333334,0.8042083333333333,0.7502916666666667,0.6660416666666668,0.7920833333333335,0.8329583333333334,0.819125,0.8378749999999999,0.8552916666666667,0.8425833333333335,0.827,0.8275416666666665,0.8110416666666667,0.8060833333333335
4,0.6213333333333334,0.6807083333333332,0.7517500000000001,0.7158333333333334,0.77725,0.8126666666666666,0.73125,0.75175,0.806125,0.7220416666666666,0.832875,0.8430416666666666,0.8288749999999999,0.8372083333333331,0.8224999999999999,0.8239583333333335,0.8249583333333332,0.8002916666666666,0.7895833333333332,0.7713333333333333
5,0.6374583333333332,0.6289999999999999,0.776,0.746875,0.7600000000000001,0.7075416666666666,0.8115,0.8068333333333333,0.7688749999999999,0.7117916666666666,0.8405416666666665,0.8434999999999999,0.8270000000000001,0.8405000000000001,0.8367916666666665,0.8310833333333334,0.83175,0.8165833333333333,0.812,0.7960833333333334
6,0.6725833333333334,0.7321666666666667,0.7452916666666667,0.7302916666666668,0.7837916666666666,0.7650833333333333,0.6949583333333333,0.7469166666666668,0.7695416666666667,0.7621250000000003,0.7759583333333333,0.8570833333333333,0.8380416666666667,0.8369583333333334,0.8468333333333334,0.84975,0.8136666666666665,0.8050416666666667,0.7872916666666666,0.7888333333333334
7,0.5335000000000001,0.651,0.6648333333333334,0.7127083333333332,0.6948749999999999,0.6831666666666667,0.7774583333333333,0.802,0.8073750000000002,0.7635416666666667,0.8176666666666667,0.7762083333333333,0.8237916666666666,0.8568333333333334,0.833625,0.8430000000000002,0.8244166666666666,0.8135,0.8175416666666667,0.7981250000000001
8,0.6009999999999999,0.6444583333333331,0.5975416666666666,0.6755416666666666,0.7157916666666666,0.7591666666666665,0.6644583333333334,0.7360416666666667,0.6797083333333334,0.8010833333333335,0.7858750000000003,0.8379166666666665,0.824375,0.8357083333333334,0.8401249999999999,0.8313750000000001,0.8319166666666666,0.7867083333333333,0.8025416666666667,0.795625
9,0.5980833333333333,0.6630833333333334,0.6512916666666667,0.763,0.7162916666666667,0.7556666666666667,0.7105000000000001,0.6841249999999999,0.7429166666666667,0.6894166666666666,0.8265416666666666,0.8085416666666667,0.8356250000000001,0.8314583333333334,0.8336666666666666,0.8112916666666667,0.8089166666666667,0.8195000000000001,0.7987916666666668,0.8119583333333333
10,0.5808333333333334,0.6878749999999999,0.6768750000000001,0.811125,0.6826249999999998,0.7772916666666667,0.7669999999999999,0.7093333333333333,0.6308333333333334,0.7885833333333333,0.8095833333333334,0.7966666666666665,0.8382499999999999,0.8296250000000002,0.8304583333333332,0.8098333333333333,0.8195416666666666,0.7970833333333333,0.8029583333333333,0.781125
11,0.599125,0.6936666666666668,0.6524583333333333,0.7308333333333333,0.7364999999999999,0.6594166666666665,0.7748750000000001,0.8328333333333332,0.7892916666666667,0.6589166666666667,0.8573333333333333,0.8359166666666666,0.8265833333333333,0.8350416666666666,0.83925,0.8243333333333335,0.8175000000000001,0.820375,0.8261666666666667,0.8004166666666668
12,0.50525,0.5743333333333333,0.6254583333333333,0.5638333333333333,0.6234166666666667,0.7389583333333333,0.7605000000000001,0.7522916666666668,0.7792499999999999,0.7222500000000001,0.678875,0.7195833333333334,0.7500833333333332,0.8177083333333334,0.8040416666666667,0.8349166666666665,0.8129583333333333,0.8280833333333334,0.82,0.8147083333333333
13,0.6382083333333333,0.6317916666666666,0.7255,0.7068749999999999,0.7174999999999998,0.7397916666666666,0.7754166666666668,0.7180833333333332,0.7588333333333335,0.7851250000000001,0.8003333333333332,0.8335416666666667,0.8598333333333336,0.8465,0.8405833333333333,0.8290833333333334,0.8302916666666668,0.8173333333333334,0.8003750000000001,0.7935
14,0.5737083333333334,0.5455416666666667,0.6166250000000001,0.6554166666666668,0.7424166666666668,0.7549166666666665,0.7070416666666667,0.7750416666666666,0.7341666666666667,0.7604166666666666,0.7656249999999999,0.7591666666666667,0.792,0.8040416666666667,0.8031666666666667,0.824125,0.80575,0.7990416666666665,0.8074999999999999,0.7878750000000001
15,0.5597083333333334,0.5615416666666666,0.6270833333333333,0.7137083333333333,0.736,0.68625,0.77225,0.7540833333333334,0.671,0.7397916666666666,0.8082916666666666,0.7837916666666666,0.8180833333333334,0.8267500000000001,0.8314583333333335,0.8297083333333332,0.8324166666666667,0.8245833333333333,0.8105416666666668,0.8065833333333333
16,0.6125416666666667,0.6725833333333334,0.7271666666666666,0.7663333333333333,0.8163750000000002,0.7782083333333334,0.7383333333333333,0.7769583333333332,0.716625,0.799875,0.821875,0.8392916666666667,0.8383333333333332,0.8408333333333332,0.8256249999999999,0.8250833333333333,0.8094166666666668,0.8040416666666667,0.8069583333333333,0.8042083333333333
17,0.5113333333333333,0.6110833333333333,0.5997083333333334,0.6768750000000001,0.6744166666666668,0.7192083333333333,0.7459166666666667,0.8130416666666667,0.7848333333333332,0.7682916666666667,0.7417916666666665,0.7779583333333334,0.8004583333333333,0.8209166666666666,0.80825,0.81825,0.826125,0.8187916666666667,0.8207083333333334,0.786375
18,0.6805416666666666,0.7211666666666667,0.6549166666666667,0.7590833333333332,0.7641249999999999,0.7403333333333334,0.6352083333333335,0.7798750000000001,0.8528749999999998,0.8371666666666666,0.835125,0.8290416666666667,0.8432916666666667,0.8416250000000001,0.8442916666666668,0.8119583333333333,0.8132916666666667,0.7838333333333335,0.79625,0.7743750000000001
19,0.70575,0.6598333333333334,0.7123333333333334,0.7555000000000001,0.7956666666666667,0.7929583333333334,0.6430416666666666,0.8378333333333334,0.802375,0.8161666666666666,0.7887083333333335,0.8428749999999999,0.8410416666666666,0.836,0.8450416666666667,0.8302499999999999,0.8301250000000001,0.8141666666666666,0.798375,0.7824583333333334
